User Input,Chatbot Response,Timestamp
hello,Hi there,2024-09-10 01:21:51
how are you ,My purpose is to assist you,2024-09-10 01:21:57
weather ,"I'm sorry, I cannot provide real-time weather information.",2024-09-10 01:22:20
How do I create a budget,"To make a budget, start by tracking your income and expenses. Then, allocate your income towards essential expenses like rent, food, and bills. Next, allocate some of your income towards savings and debt repayment. Finally, allocate the remainder of your income towards discretionary expenses like entertainment and hobbies.",2024-09-10 01:22:30
Today is a nice weather,"I'm sorry, I cannot provide real-time weather information.",2024-10-03 08:29:52
How's the weather today,"I'm sorry, I cannot provide real-time weather information.",2024-10-03 08:30:47
Hi,Hello,2024-10-03 08:30:56
hi,"I'm fine, thank you",2024-12-11 02:09:18
hello,"I'm fine, thank you",2024-12-11 02:09:28
hi,Hey,2024-12-11 02:09:35
hi,Nothing much,2024-12-11 02:10:00
what's up?,"I'm fine, thank you",2024-12-11 02:10:12
what's up,Hi there,2024-12-11 02:10:21
can you do math?,"Of course, give me the numbers or operation to solve.",2024-12-11 02:18:50
"Add 3 and 5""",Growing a vegetable garden allows you to enjoy fresh produce and connect with nature.,2024-12-11 03:01:10
Add 3 and 5,"Gardening tips include choosing the right plants for your climate, watering properly, and using organic fertilizers.",2024-12-11 03:01:18
What is 12 + 7?,"Mindfulness is the practice of being fully present in the moment, observing thoughts and feelings without judgment.",2024-12-11 03:01:45
What is 12 + 7?,"Sure! Type your operation, and I'll calculate it.",2024-12-11 03:13:16
Calculate 5 + 3,"Sorry, I couldn't calculate that. Please check the input format.",2024-12-11 03:15:59
Calculate 5 + 3,"Sorry, I couldn't calculate that. Please check the input format. Provide only the arithmatic expression",2024-12-11 03:17:38
 5 + 3,"Gardening tips include choosing the right plants for your climate, watering properly, and using organic fertilizers.",2024-12-11 03:17:44
 5 + 3,Growing a vegetable garden allows you to enjoy fresh produce and connect with nature.,2024-12-11 03:32:56
Add 12 + 7?,The result of addition is: 12.0,2024-12-11 03:38:37
Multiply 12 * 7?,The result of multiplication is: 12.0,2024-12-11 03:39:42
Subtract 12 - 7,The result of subtraction is: 5.0,2024-12-11 03:40:26
Add 12+7,No numbers found. Please provide numbers in your command.,2024-12-11 03:40:47
